Timestamp,Transaction Hash,From Address,To Address,Value,Token Name,Token Symbol,Token Decimal,Contract Address
2025-02-12 13:13:57,0x715b74ef1a431969d255c3a6a3647c13b5d82784b69d8e31e3e2889ec5890296,0x9138d34095ecffa4ded75b182aaf1008e0bc05d6,0x00b1ca2c150920f4ca57701452c63b1ba2b4b758,0.009,Ether,ETH,18,0x000000000000000000000000000000000000800a
2025-02-12 13:13:57,0x715b74ef1a431969d255c3a6a3647c13b5d82784b69d8e31e3e2889ec5890296,0x00b1ca2c150920f4ca57701452c63b1ba2b4b758,0xa16d3eb3ddfa4ba33fdcda3eb4ddcf80bafc0ab8,0.009,Ether,ETH,18,0x000000000000000000000000000000000000800a
2025-02-13 12:24:11,0x7461c4a22bf33c2df49c0e265785aad9ffeb4403e26e5fa84ba34bbc8be23fe0,0x42b9df65b219b3dd36ff330a4dd8f327a6ada990,0x00b1ca2c150920f4ca57701452c63b1ba2b4b758,0.009,Ether,ETH,18,0x000000000000000000000000000000000000800a
2025-02-13 12:24:11,0x7461c4a22bf33c2df49c0e265785aad9ffeb4403e26e5fa84ba34bbc8be23fe0,0x00b1ca2c150920f4ca57701452c63b1ba2b4b758,0xa16d3eb3ddfa4ba33fdcda3eb4ddcf80bafc0ab8,0.009,Ether,ETH,18,0x000000000000000000000000000000000000800a
2025-02-13 13:34:33,0xa5581eefb85ea1e9324c22c876a1d00ddaf37202e1bf6031763372ea5eaa7162,0xd4bb9bd38319e396c5a1b7b5d3dfb0cc871a6579,0x00b1ca2c150920f4ca57701452c63b1ba2b4b758,0.009,Ether,ETH,18,0x000000000000000000000000000000000000800a
2025-02-13 13:34:33,0xa5581eefb85ea1e9324c22c876a1d00ddaf37202e1bf6031763372ea5eaa7162,0x00b1ca2c150920f4ca57701452c63b1ba2b4b758,0xa16d3eb3ddfa4ba33fdcda3eb4ddcf80bafc0ab8,0.009,Ether,ETH,18,0x000000000000000000000000000000000000800a
2025-02-13 13:35:43,0x85ef0aa31075300a30920523988a4bf9f1c3b90c2a0959af824b894c829bfdf0,0xc14ddd4058b40351305eb5654e4fb68be4dce2ba,0x00b1ca2c150920f4ca57701452c63b1ba2b4b758,0.009,Ether,ETH,18,0x000000000000000000000000000000000000800a
2025-02-13 13:35:43,0x85ef0aa31075300a30920523988a4bf9f1c3b90c2a0959af824b894c829bfdf0,0x00b1ca2c150920f4ca57701452c63b1ba2b4b758,0xa16d3eb3ddfa4ba33fdcda3eb4ddcf80bafc0ab8,0.009,Ether,ETH,18,0x000000000000000000000000000000000000800a
2025-02-13 13:37:30,0xf19dba738b9335e92b4df0849604baf5ff2ead0fc3a2d87771715341e7b29854,0xd4bb9bd38319e396c5a1b7b5d3dfb0cc871a6579,0x00b1ca2c150920f4ca57701452c63b1ba2b4b758,0.009,Ether,ETH,18,0x000000000000000000000000000000000000800a
2025-02-13 13:37:30,0xf19dba738b9335e92b4df0849604baf5ff2ead0fc3a2d87771715341e7b29854,0x00b1ca2c150920f4ca57701452c63b1ba2b4b758,0xa16d3eb3ddfa4ba33fdcda3eb4ddcf80bafc0ab8,0.009,Ether,ETH,18,0x000000000000000000000000000000000000800a
2025-02-13 13:37:41,0xb1b33f1bab9a9192f29ff4799056b27c813619f6e62a1861d771cceff69b433c,0xd4bb9bd38319e396c5a1b7b5d3dfb0cc871a6579,0x00b1ca2c150920f4ca57701452c63b1ba2b4b758,0.009,Ether,ETH,18,0x000000000000000000000000000000000000800a
2025-02-13 13:37:41,0xb1b33f1bab9a9192f29ff4799056b27c813619f6e62a1861d771cceff69b433c,0x00b1ca2c150920f4ca57701452c63b1ba2b4b758,0xa16d3eb3ddfa4ba33fdcda3eb4ddcf80bafc0ab8,0.009,Ether,ETH,18,0x000000000000000000000000000000000000800a
2025-02-13 13:37:56,0x2325a50b1c48d9794f1e6a9b74e63d8f6563b5b429eeb7708c7bf5d9612d8865,0xd4bb9bd38319e396c5a1b7b5d3dfb0cc871a6579,0x00b1ca2c150920f4ca57701452c63b1ba2b4b758,0.009,Ether,ETH,18,0x000000000000000000000000000000000000800a
2025-02-13 13:37:56,0x2325a50b1c48d9794f1e6a9b74e63d8f6563b5b429eeb7708c7bf5d9612d8865,0x00b1ca2c150920f4ca57701452c63b1ba2b4b758,0xa16d3eb3ddfa4ba33fdcda3eb4ddcf80bafc0ab8,0.009,Ether,ETH,18,0x000000000000000000000000000000000000800a
2025-02-13 13:41:25,0xde4cfea72c02bf41d8ae2843c062a0d21f9153d5a6b2a18838d990acd9f459ec,0xcde3725b25d6d9bc78cf0941cc15fd9710c764b9,0x00b1ca2c150920f4ca57701452c63b1ba2b4b758,0.009,Ether,ETH,18,0x000000000000000000000000000000000000800a
2025-02-13 13:41:25,0xde4cfea72c02bf41d8ae2843c062a0d21f9153d5a6b2a18838d990acd9f459ec,0x00b1ca2c150920f4ca57701452c63b1ba2b4b758,0xa16d3eb3ddfa4ba33fdcda3eb4ddcf80bafc0ab8,0.009,Ether,ETH,18,0x000000000000000000000000000000000000800a
2025-02-13 13:41:56,0x177cd965b76f6f28d252138663a40c822bc7bf5bf8af497c1414e2f98ea45576,0xe30f82a1858c9549f9b42030e46f29695da022bf,0x00b1ca2c150920f4ca57701452c63b1ba2b4b758,0.009,Ether,ETH,18,0x000000000000000000000000000000000000800a
2025-02-13 13:41:56,0x177cd965b76f6f28d252138663a40c822bc7bf5bf8af497c1414e2f98ea45576,0x00b1ca2c150920f4ca57701452c63b1ba2b4b758,0xa16d3eb3ddfa4ba33fdcda3eb4ddcf80bafc0ab8,0.009,Ether,ETH,18,0x000000000000000000000000000000000000800a
2025-02-13 13:46:49,0x06376dc9e72064bc7af89a38d2cfe39b0a85ae48cb96ca5bc359940d630e1a73,0x11a786d52913d12194d8321e0edf01a14e195d3b,0x00b1ca2c150920f4ca57701452c63b1ba2b4b758,0.009,Ether,ETH,18,0x000000000000000000000000000000000000800a
2025-02-13 13:46:49,0x06376dc9e72064bc7af89a38d2cfe39b0a85ae48cb96ca5bc359940d630e1a73,0x00b1ca2c150920f4ca57701452c63b1ba2b4b758,0xa16d3eb3ddfa4ba33fdcda3eb4ddcf80bafc0ab8,0.009,Ether,ETH,18,0x000000000000000000000000000000000000800a
2025-02-13 13:49:02,0x9f37cc34d00863760fe8619233282e4fb5f426ef8a3b3ee10661f5674f5e1b16,0xd27b0e7dba641e55818343cfe07858935730d3f1,0x00b1ca2c150920f4ca57701452c63b1ba2b4b758,0.009,Ether,ETH,18,0x000000000000000000000000000000000000800a
2025-02-13 13:49:02,0x9f37cc34d00863760fe8619233282e4fb5f426ef8a3b3ee10661f5674f5e1b16,0x00b1ca2c150920f4ca57701452c63b1ba2b4b758,0xa16d3eb3ddfa4ba33fdcda3eb4ddcf80bafc0ab8,0.009,Ether,ETH,18,0x000000000000000000000000000000000000800a
2025-02-13 13:50:20,0x1e673e9bb0f948cfd8e79ef65d77c8ee967d4f4310dd29169654c74041c6a68b,0xb57b0713b72cb43a089dce420db9aafaaa91be8d,0x00b1ca2c150920f4ca57701452c63b1ba2b4b758,0.009,Ether,ETH,18,0x000000000000000000000000000000000000800a
2025-02-13 13:50:20,0x1e673e9bb0f948cfd8e79ef65d77c8ee967d4f4310dd29169654c74041c6a68b,0x00b1ca2c150920f4ca57701452c63b1ba2b4b758,0xa16d3eb3ddfa4ba33fdcda3eb4ddcf80bafc0ab8,0.009,Ether,ETH,18,0x000000000000000000000000000000000000800a
2025-02-13 13:50:51,0xac24980dd6a16b92b24427905ad64e3e47f78e2ab11507faab36eab0e2299301,0x0ec2ec6b27f789338794144270739e2310b29614,0x00b1ca2c150920f4ca57701452c63b1ba2b4b758,0.009,Ether,ETH,18,0x000000000000000000000000000000000000800a
2025-02-13 13:50:51,0xac24980dd6a16b92b24427905ad64e3e47f78e2ab11507faab36eab0e2299301,0x00b1ca2c150920f4ca57701452c63b1ba2b4b758,0xa16d3eb3ddfa4ba33fdcda3eb4ddcf80bafc0ab8,0.009,Ether,ETH,18,0x000000000000000000000000000000000000800a
2025-02-13 13:50:59,0xd763080b6e0de58476c95bc119bffaa5df183cc65af6a52f7821cd9c306e8e96,0x505216f954d09b868115b29f48ceabf5393e3fae,0x00b1ca2c150920f4ca57701452c63b1ba2b4b758,0.009,Ether,ETH,18,0x000000000000000000000000000000000000800a
2025-02-13 13:50:59,0xd763080b6e0de58476c95bc119bffaa5df183cc65af6a52f7821cd9c306e8e96,0x00b1ca2c150920f4ca57701452c63b1ba2b4b758,0xa16d3eb3ddfa4ba33fdcda3eb4ddcf80bafc0ab8,0.009,Ether,ETH,18,0x000000000000000000000000000000000000800a
2025-02-13 13:53:39,0xdc75762b2b770c9a9ff13b575082025fb1360d6a6d27a754142ed3faa81639aa,0x24d20f4e413d54fc5f78b381ee09fbeea1e19a0b,0x00b1ca2c150920f4ca57701452c63b1ba2b4b758,0.009,Ether,ETH,18,0x000000000000000000000000000000000000800a
2025-02-13 13:53:39,0xdc75762b2b770c9a9ff13b575082025fb1360d6a6d27a754142ed3faa81639aa,0x00b1ca2c150920f4ca57701452c63b1ba2b4b758,0xa16d3eb3ddfa4ba33fdcda3eb4ddcf80bafc0ab8,0.009,Ether,ETH,18,0x000000000000000000000000000000000000800a
2025-02-13 13:55:14,0xcb649a25016f2d94fd169c8aacf3a5ab495856afb29940a19c0313d058ae5571,0x1412729138834ffa100473cc7a749c7d17fb73b6,0x00b1ca2c150920f4ca57701452c63b1ba2b4b758,0.009,Ether,ETH,18,0x000000000000000000000000000000000000800a
2025-02-13 13:55:14,0xcb649a25016f2d94fd169c8aacf3a5ab495856afb29940a19c0313d058ae5571,0x00b1ca2c150920f4ca57701452c63b1ba2b4b758,0xa16d3eb3ddfa4ba33fdcda3eb4ddcf80bafc0ab8,0.009,Ether,ETH,18,0x000000000000000000000000000000000000800a
2025-02-13 13:58:13,0xe6449d84406d4266c6a8a3050ba1b26dc640da3f23d59ef0106950cf50dc6bf8,0xba5c3db06479c9ea97a3c0eb2a52288ffe2a5a3e,0x00b1ca2c150920f4ca57701452c63b1ba2b4b758,0.009,Ether,ETH,18,0x000000000000000000000000000000000000800a
2025-02-13 13:58:13,0xe6449d84406d4266c6a8a3050ba1b26dc640da3f23d59ef0106950cf50dc6bf8,0x00b1ca2c150920f4ca57701452c63b1ba2b4b758,0xa16d3eb3ddfa4ba33fdcda3eb4ddcf80bafc0ab8,0.009,Ether,ETH,18,0x000000000000000000000000000000000000800a
2025-02-13 14:01:07,0x1c9ea307e2a4a5726b73979bb1b09875a182a7a0240f4979183d481ebe25772a,0x767d76d5838b71f06456b70b4b2eb34ead169a6d,0x00b1ca2c150920f4ca57701452c63b1ba2b4b758,0.009,Ether,ETH,18,0x000000000000000000000000000000000000800a
2025-02-13 14:01:07,0x1c9ea307e2a4a5726b73979bb1b09875a182a7a0240f4979183d481ebe25772a,0x00b1ca2c150920f4ca57701452c63b1ba2b4b758,0xa16d3eb3ddfa4ba33fdcda3eb4ddcf80bafc0ab8,0.009,Ether,ETH,18,0x000000000000000000000000000000000000800a
2025-02-13 14:03:15,0x8602d3991fb304aa64c5ed5ddbcfa19d16884844bf9927539bb2c5a558d42401,0x767d76d5838b71f06456b70b4b2eb34ead169a6d,0x00b1ca2c150920f4ca57701452c63b1ba2b4b758,0.009,Ether,ETH,18,0x000000000000000000000000000000000000800a
2025-02-13 14:03:15,0x8602d3991fb304aa64c5ed5ddbcfa19d16884844bf9927539bb2c5a558d42401,0x00b1ca2c150920f4ca57701452c63b1ba2b4b758,0xa16d3eb3ddfa4ba33fdcda3eb4ddcf80bafc0ab8,0.009,Ether,ETH,18,0x000000000000000000000000000000000000800a
2025-02-13 14:04:03,0x0794d56cd6474bad54d35ec312bae96b8b776dcb4c3a5e6f1a32553cba5f626f,0x6bf6c46ba7f8536ac1b31757e4b3d82cef1584cb,0x00b1ca2c150920f4ca57701452c63b1ba2b4b758,0.009,Ether,ETH,18,0x000000000000000000000000000000000000800a
2025-02-13 14:04:03,0x0794d56cd6474bad54d35ec312bae96b8b776dcb4c3a5e6f1a32553cba5f626f,0x00b1ca2c150920f4ca57701452c63b1ba2b4b758,0xa16d3eb3ddfa4ba33fdcda3eb4ddcf80bafc0ab8,0.009,Ether,ETH,18,0x000000000000000000000000000000000000800a
2025-02-13 14:04:09,0xe7f0b190268cc0e136fbce926edc1aec6535ad0accef2fb72b3ae41063b5927f,0x767d76d5838b71f06456b70b4b2eb34ead169a6d,0x00b1ca2c150920f4ca57701452c63b1ba2b4b758,0.009,Ether,ETH,18,0x000000000000000000000000000000000000800a
2025-02-13 14:04:09,0xe7f0b190268cc0e136fbce926edc1aec6535ad0accef2fb72b3ae41063b5927f,0x00b1ca2c150920f4ca57701452c63b1ba2b4b758,0xa16d3eb3ddfa4ba33fdcda3eb4ddcf80bafc0ab8,0.009,Ether,ETH,18,0x000000000000000000000000000000000000800a
2025-02-13 14:04:26,0x3e2b82e67027b4f6d5e158ac9861202d058b9a99576e8fa8c0fdf742fd95102c,0x767d76d5838b71f06456b70b4b2eb34ead169a6d,0x00b1ca2c150920f4ca57701452c63b1ba2b4b758,0.009,Ether,ETH,18,0x000000000000000000000000000000000000800a
2025-02-13 14:04:26,0x3e2b82e67027b4f6d5e158ac9861202d058b9a99576e8fa8c0fdf742fd95102c,0x00b1ca2c150920f4ca57701452c63b1ba2b4b758,0xa16d3eb3ddfa4ba33fdcda3eb4ddcf80bafc0ab8,0.009,Ether,ETH,18,0x000000000000000000000000000000000000800a
2025-02-13 14:04:37,0x631bb4a6773c36b2a8b9af93b9d8b673efa864285ba17f43d6f725e89d5823c5,0xdf9f0736fe9d69348fd4afea42ee15af5810bc30,0x00b1ca2c150920f4ca57701452c63b1ba2b4b758,0.009,Ether,ETH,18,0x000000000000000000000000000000000000800a
2025-02-13 14:04:37,0x631bb4a6773c36b2a8b9af93b9d8b673efa864285ba17f43d6f725e89d5823c5,0x00b1ca2c150920f4ca57701452c63b1ba2b4b758,0xa16d3eb3ddfa4ba33fdcda3eb4ddcf80bafc0ab8,0.009,Ether,ETH,18,0x000000000000000000000000000000000000800a
2025-02-13 14:04:59,0xc6701b1bbc6465c6d825afd42df3cc34606bdb3dcb9843a2d373e970a607ed9c,0x767d76d5838b71f06456b70b4b2eb34ead169a6d,0x00b1ca2c150920f4ca57701452c63b1ba2b4b758,0.009,Ether,ETH,18,0x000000000000000000000000000000000000800a
2025-02-13 14:04:59,0xc6701b1bbc6465c6d825afd42df3cc34606bdb3dcb9843a2d373e970a607ed9c,0x00b1ca2c150920f4ca57701452c63b1ba2b4b758,0xa16d3eb3ddfa4ba33fdcda3eb4ddcf80bafc0ab8,0.009,Ether,ETH,18,0x000000000000000000000000000000000000800a
2025-02-13 14:05:19,0x6d7dd17a67ffa951099e9876ac37f12ecb5d25353906e56a929d0529dbedf310,0xb84ffca721f91422e999840486681ad53b2c63f8,0x00b1ca2c150920f4ca57701452c63b1ba2b4b758,0.009,Ether,ETH,18,0x000000000000000000000000000000000000800a
2025-02-13 14:05:19,0x6d7dd17a67ffa951099e9876ac37f12ecb5d25353906e56a929d0529dbedf310,0x00b1ca2c150920f4ca57701452c63b1ba2b4b758,0xa16d3eb3ddfa4ba33fdcda3eb4ddcf80bafc0ab8,0.009,Ether,ETH,18,0x000000000000000000000000000000000000800a
2025-02-13 14:07:22,0xb4dc9cd3abcd4c95389fb398a1f46a4e8e4db5d0d00a53b3887932e63d6e7739,0x13ad89d1c63b07c629492b4e5d1b1039135355bd,0x00b1ca2c150920f4ca57701452c63b1ba2b4b758,0.009,Ether,ETH,18,0x000000000000000000000000000000000000800a
2025-02-13 14:07:22,0xb4dc9cd3abcd4c95389fb398a1f46a4e8e4db5d0d00a53b3887932e63d6e7739,0x00b1ca2c150920f4ca57701452c63b1ba2b4b758,0xa16d3eb3ddfa4ba33fdcda3eb4ddcf80bafc0ab8,0.009,Ether,ETH,18,0x000000000000000000000000000000000000800a
2025-02-13 14:07:27,0x9e82869196ee0f89c290b2207a393ebe42e95ba525ed91f7413ff7c970010fec,0x767d76d5838b71f06456b70b4b2eb34ead169a6d,0x00b1ca2c150920f4ca57701452c63b1ba2b4b758,0.009,Ether,ETH,18,0x000000000000000000000000000000000000800a
2025-02-13 14:07:27,0x9e82869196ee0f89c290b2207a393ebe42e95ba525ed91f7413ff7c970010fec,0x00b1ca2c150920f4ca57701452c63b1ba2b4b758,0xa16d3eb3ddfa4ba33fdcda3eb4ddcf80bafc0ab8,0.009,Ether,ETH,18,0x000000000000000000000000000000000000800a
2025-02-13 14:08:18,0xef73b03227cdf22f7efe7a9d0f205251d85d1c04d7b810db3b1e212973bfa45d,0x767d76d5838b71f06456b70b4b2eb34ead169a6d,0x00b1ca2c150920f4ca57701452c63b1ba2b4b758,0.009,Ether,ETH,18,0x000000000000000000000000000000000000800a
2025-02-13 14:08:18,0xef73b03227cdf22f7efe7a9d0f205251d85d1c04d7b810db3b1e212973bfa45d,0x00b1ca2c150920f4ca57701452c63b1ba2b4b758,0xa16d3eb3ddfa4ba33fdcda3eb4ddcf80bafc0ab8,0.009,Ether,ETH,18,0x000000000000000000000000000000000000800a
2025-02-13 14:09:05,0xd43fbb4e0d2f3fee1ff51e00188dda0cd80f10a1296aa8dd3e8c498cbcbc40f8,0x767d76d5838b71f06456b70b4b2eb34ead169a6d,0x00b1ca2c150920f4ca57701452c63b1ba2b4b758,0.009,Ether,ETH,18,0x000000000000000000000000000000000000800a
2025-02-13 14:09:05,0xd43fbb4e0d2f3fee1ff51e00188dda0cd80f10a1296aa8dd3e8c498cbcbc40f8,0x00b1ca2c150920f4ca57701452c63b1ba2b4b758,0xa16d3eb3ddfa4ba33fdcda3eb4ddcf80bafc0ab8,0.009,Ether,ETH,18,0x000000000000000000000000000000000000800a
2025-02-13 14:09:18,0x520bb75948475ecf1e5bd62d769246a00a315a5745c3d4c6c585ecf92325f0a1,0x656f296fef0f76f7c1e5f26b6d9ad5222229e93f,0x00b1ca2c150920f4ca57701452c63b1ba2b4b758,0.009,Ether,ETH,18,0x000000000000000000000000000000000000800a
2025-02-13 14:09:18,0x520bb75948475ecf1e5bd62d769246a00a315a5745c3d4c6c585ecf92325f0a1,0x00b1ca2c150920f4ca57701452c63b1ba2b4b758,0xa16d3eb3ddfa4ba33fdcda3eb4ddcf80bafc0ab8,0.009,Ether,ETH,18,0x000000000000000000000000000000000000800a
2025-02-13 14:09:24,0x15cbe03439d5d8377a1eb89918347da5ca5c2c5ac684e4c37425ef0c0d7e117d,0x767d76d5838b71f06456b70b4b2eb34ead169a6d,0x00b1ca2c150920f4ca57701452c63b1ba2b4b758,0.009,Ether,ETH,18,0x000000000000000000000000000000000000800a
2025-02-13 14:09:24,0x15cbe03439d5d8377a1eb89918347da5ca5c2c5ac684e4c37425ef0c0d7e117d,0x00b1ca2c150920f4ca57701452c63b1ba2b4b758,0xa16d3eb3ddfa4ba33fdcda3eb4ddcf80bafc0ab8,0.009,Ether,ETH,18,0x000000000000000000000000000000000000800a
2025-02-13 14:09:44,0x380daa4f225829e73598bd6b307cd40efc470fbb55ded0e5d932a264e3054766,0x767d76d5838b71f06456b70b4b2eb34ead169a6d,0x00b1ca2c150920f4ca57701452c63b1ba2b4b758,0.009,Ether,ETH,18,0x000000000000000000000000000000000000800a
2025-02-13 14:09:44,0x380daa4f225829e73598bd6b307cd40efc470fbb55ded0e5d932a264e3054766,0x00b1ca2c150920f4ca57701452c63b1ba2b4b758,0xa16d3eb3ddfa4ba33fdcda3eb4ddcf80bafc0ab8,0.009,Ether,ETH,18,0x000000000000000000000000000000000000800a
2025-02-13 14:09:47,0x1697805b4c3023c586acd02db5429a7b964cdfa6c1a9cfebefd4fcde7d870a5e,0x78508554d0fb1653e40bfe858d260659370708a2,0x00b1ca2c150920f4ca57701452c63b1ba2b4b758,0.009,Ether,ETH,18,0x000000000000000000000000000000000000800a
2025-02-13 14:09:47,0x1697805b4c3023c586acd02db5429a7b964cdfa6c1a9cfebefd4fcde7d870a5e,0x00b1ca2c150920f4ca57701452c63b1ba2b4b758,0xa16d3eb3ddfa4ba33fdcda3eb4ddcf80bafc0ab8,0.009,Ether,ETH,18,0x000000000000000000000000000000000000800a
2025-02-13 14:10:31,0x70933bd1cce3961cc85a98b7df3f6b5563a329d9fe5aec738e0174bf7edb9136,0x767d76d5838b71f06456b70b4b2eb34ead169a6d,0x00b1ca2c150920f4ca57701452c63b1ba2b4b758,0.009,Ether,ETH,18,0x000000000000000000000000000000000000800a
2025-02-13 14:10:31,0x70933bd1cce3961cc85a98b7df3f6b5563a329d9fe5aec738e0174bf7edb9136,0x00b1ca2c150920f4ca57701452c63b1ba2b4b758,0xa16d3eb3ddfa4ba33fdcda3eb4ddcf80bafc0ab8,0.009,Ether,ETH,18,0x000000000000000000000000000000000000800a
2025-02-13 14:12:01,0x4695f7bb76462dd2f523d668f0fd240b9c526156c2b0c59383a69365b1320231,0x767d76d5838b71f06456b70b4b2eb34ead169a6d,0x00b1ca2c150920f4ca57701452c63b1ba2b4b758,0.009,Ether,ETH,18,0x000000000000000000000000000000000000800a
2025-02-13 14:12:01,0x4695f7bb76462dd2f523d668f0fd240b9c526156c2b0c59383a69365b1320231,0x00b1ca2c150920f4ca57701452c63b1ba2b4b758,0xa16d3eb3ddfa4ba33fdcda3eb4ddcf80bafc0ab8,0.009,Ether,ETH,18,0x000000000000000000000000000000000000800a
2025-02-13 14:12:32,0xb20d6986c7de4f89967352f6f3e64238754db430561534f8258347bee76a9437,0x767d76d5838b71f06456b70b4b2eb34ead169a6d,0x00b1ca2c150920f4ca57701452c63b1ba2b4b758,0.009,Ether,ETH,18,0x000000000000000000000000000000000000800a
2025-02-13 14:12:32,0xb20d6986c7de4f89967352f6f3e64238754db430561534f8258347bee76a9437,0x00b1ca2c150920f4ca57701452c63b1ba2b4b758,0xa16d3eb3ddfa4ba33fdcda3eb4ddcf80bafc0ab8,0.009,Ether,ETH,18,0x000000000000000000000000000000000000800a
2025-02-13 14:12:59,0xcd5d4d6a0a38ed803c19147fa8d77c3f00338c45f3290e79f0f17058a80b2866,0x767d76d5838b71f06456b70b4b2eb34ead169a6d,0x00b1ca2c150920f4ca57701452c63b1ba2b4b758,0.009,Ether,ETH,18,0x000000000000000000000000000000000000800a
2025-02-13 14:12:59,0xcd5d4d6a0a38ed803c19147fa8d77c3f00338c45f3290e79f0f17058a80b2866,0x00b1ca2c150920f4ca57701452c63b1ba2b4b758,0xa16d3eb3ddfa4ba33fdcda3eb4ddcf80bafc0ab8,0.009,Ether,ETH,18,0x000000000000000000000000000000000000800a
2025-02-13 14:13:01,0x1492130300ea289ae206442ceb09baa20b8117f732ba9de437510f47529c1275,0x767d76d5838b71f06456b70b4b2eb34ead169a6d,0x00b1ca2c150920f4ca57701452c63b1ba2b4b758,0.009,Ether,ETH,18,0x000000000000000000000000000000000000800a
2025-02-13 14:13:01,0x1492130300ea289ae206442ceb09baa20b8117f732ba9de437510f47529c1275,0x00b1ca2c150920f4ca57701452c63b1ba2b4b758,0xa16d3eb3ddfa4ba33fdcda3eb4ddcf80bafc0ab8,0.009,Ether,ETH,18,0x000000000000000000000000000000000000800a
2025-02-13 14:15:07,0x628f10c67da4627c8dadaea0afee004f86d39e137eb14a58c0b68d974b767200,0x767d76d5838b71f06456b70b4b2eb34ead169a6d,0x00b1ca2c150920f4ca57701452c63b1ba2b4b758,0.009,Ether,ETH,18,0x000000000000000000000000000000000000800a
2025-02-13 14:15:07,0x628f10c67da4627c8dadaea0afee004f86d39e137eb14a58c0b68d974b767200,0x00b1ca2c150920f4ca57701452c63b1ba2b4b758,0xa16d3eb3ddfa4ba33fdcda3eb4ddcf80bafc0ab8,0.009,Ether,ETH,18,0x000000000000000000000000000000000000800a
2025-02-13 14:15:37,0x34e04262f497067a9ed963646729daf104f31c2bc738f52d9bbffae033a7d3db,0xdb93440afab57da665126084eddf9ac9f91c9a82,0x00b1ca2c150920f4ca57701452c63b1ba2b4b758,0.009,Ether,ETH,18,0x000000000000000000000000000000000000800a
2025-02-13 14:15:37,0x34e04262f497067a9ed963646729daf104f31c2bc738f52d9bbffae033a7d3db,0x00b1ca2c150920f4ca57701452c63b1ba2b4b758,0xa16d3eb3ddfa4ba33fdcda3eb4ddcf80bafc0ab8,0.009,Ether,ETH,18,0x000000000000000000000000000000000000800a
2025-02-13 14:17:11,0x4e0bb59178132c3eb4bc93b801d3dd3b90a62205c87bd952df13cdf041946d59,0x767d76d5838b71f06456b70b4b2eb34ead169a6d,0x00b1ca2c150920f4ca57701452c63b1ba2b4b758,0.009,Ether,ETH,18,0x000000000000000000000000000000000000800a
2025-02-13 14:17:11,0x4e0bb59178132c3eb4bc93b801d3dd3b90a62205c87bd952df13cdf041946d59,0x00b1ca2c150920f4ca57701452c63b1ba2b4b758,0xa16d3eb3ddfa4ba33fdcda3eb4ddcf80bafc0ab8,0.009,Ether,ETH,18,0x000000000000000000000000000000000000800a
2025-02-13 14:17:34,0x713643152258f4043c1c2a0a4ad1467f3a9491d4e63d6a6f8d5292cd29222cf9,0x767d76d5838b71f06456b70b4b2eb34ead169a6d,0x00b1ca2c150920f4ca57701452c63b1ba2b4b758,0.009,Ether,ETH,18,0x000000000000000000000000000000000000800a
2025-02-13 14:17:34,0x713643152258f4043c1c2a0a4ad1467f3a9491d4e63d6a6f8d5292cd29222cf9,0x00b1ca2c150920f4ca57701452c63b1ba2b4b758,0xa16d3eb3ddfa4ba33fdcda3eb4ddcf80bafc0ab8,0.009,Ether,ETH,18,0x000000000000000000000000000000000000800a
2025-02-13 14:17:41,0xac0763dd1f5b2489423f4094e7d3c16cbc9c850f70e73801a65c1f245aa95ce9,0x767d76d5838b71f06456b70b4b2eb34ead169a6d,0x00b1ca2c150920f4ca57701452c63b1ba2b4b758,0.009,Ether,ETH,18,0x000000000000000000000000000000000000800a
2025-02-13 14:17:41,0xac0763dd1f5b2489423f4094e7d3c16cbc9c850f70e73801a65c1f245aa95ce9,0x00b1ca2c150920f4ca57701452c63b1ba2b4b758,0xa16d3eb3ddfa4ba33fdcda3eb4ddcf80bafc0ab8,0.009,Ether,ETH,18,0x000000000000000000000000000000000000800a
2025-02-13 14:19:19,0x1a2d60523bebbefed581cf1239e8d91cc0ece7c55f2f0e28fbad155ee647a38a,0x767d76d5838b71f06456b70b4b2eb34ead169a6d,0x00b1ca2c150920f4ca57701452c63b1ba2b4b758,0.009,Ether,ETH,18,0x000000000000000000000000000000000000800a
2025-02-13 14:19:19,0x1a2d60523bebbefed581cf1239e8d91cc0ece7c55f2f0e28fbad155ee647a38a,0x00b1ca2c150920f4ca57701452c63b1ba2b4b758,0xa16d3eb3ddfa4ba33fdcda3eb4ddcf80bafc0ab8,0.009,Ether,ETH,18,0x000000000000000000000000000000000000800a
2025-02-13 14:19:26,0x84eafdabde6e0514190a291656898a27230b8b81e1d388f9b2f7267879df6e38,0x767d76d5838b71f06456b70b4b2eb34ead169a6d,0x00b1ca2c150920f4ca57701452c63b1ba2b4b758,0.009,Ether,ETH,18,0x000000000000000000000000000000000000800a
2025-02-13 14:19:26,0x84eafdabde6e0514190a291656898a27230b8b81e1d388f9b2f7267879df6e38,0x00b1ca2c150920f4ca57701452c63b1ba2b4b758,0xa16d3eb3ddfa4ba33fdcda3eb4ddcf80bafc0ab8,0.009,Ether,ETH,18,0x000000000000000000000000000000000000800a
2025-02-13 14:19:57,0xa912704781337caf1f3e0bed8ba26619b7885bfc892ffbca9ab319cfa14d6548,0x767d76d5838b71f06456b70b4b2eb34ead169a6d,0x00b1ca2c150920f4ca57701452c63b1ba2b4b758,0.009,Ether,ETH,18,0x000000000000000000000000000000000000800a
2025-02-13 14:19:57,0xa912704781337caf1f3e0bed8ba26619b7885bfc892ffbca9ab319cfa14d6548,0x00b1ca2c150920f4ca57701452c63b1ba2b4b758,0xa16d3eb3ddfa4ba33fdcda3eb4ddcf80bafc0ab8,0.009,Ether,ETH,18,0x000000000000000000000000000000000000800a
2025-02-13 14:19:59,0x32136f8b692c2d2c5f069a9bba61dda475c0207321c47278c1a1fd04294a252a,0x767d76d5838b71f06456b70b4b2eb34ead169a6d,0x00b1ca2c150920f4ca57701452c63b1ba2b4b758,0.009,Ether,ETH,18,0x000000000000000000000000000000000000800a
2025-02-13 14:19:59,0x32136f8b692c2d2c5f069a9bba61dda475c0207321c47278c1a1fd04294a252a,0x00b1ca2c150920f4ca57701452c63b1ba2b4b758,0xa16d3eb3ddfa4ba33fdcda3eb4ddcf80bafc0ab8,0.009,Ether,ETH,18,0x000000000000000000000000000000000000800a
2025-02-13 14:20:23,0xc6c4fa53b9cad03368a37b90a4c796f50b1a8e9c4bb005f0c1d513a0d356dd4c,0x767d76d5838b71f06456b70b4b2eb34ead169a6d,0x00b1ca2c150920f4ca57701452c63b1ba2b4b758,0.009,Ether,ETH,18,0x000000000000000000000000000000000000800a
2025-02-13 14:20:23,0xc6c4fa53b9cad03368a37b90a4c796f50b1a8e9c4bb005f0c1d513a0d356dd4c,0x00b1ca2c150920f4ca57701452c63b1ba2b4b758,0xa16d3eb3ddfa4ba33fdcda3eb4ddcf80bafc0ab8,0.009,Ether,ETH,18,0x000000000000000000000000000000000000800a
2025-02-13 14:20:39,0x23f1a62db47f29d14f58a633c00e18befc158926a6db258fc7236c0dbf36dcdc,0x767d76d5838b71f06456b70b4b2eb34ead169a6d,0x00b1ca2c150920f4ca57701452c63b1ba2b4b758,0.009,Ether,ETH,18,0x000000000000000000000000000000000000800a
2025-02-13 14:20:39,0x23f1a62db47f29d14f58a633c00e18befc158926a6db258fc7236c0dbf36dcdc,0x00b1ca2c150920f4ca57701452c63b1ba2b4b758,0xa16d3eb3ddfa4ba33fdcda3eb4ddcf80bafc0ab8,0.009,Ether,ETH,18,0x000000000000000000000000000000000000800a
2025-02-13 14:21:08,0x6fd4269e707059481b47d0a1170d1873264c35a98ad8a21d18e9fb81c25b0eca,0x767d76d5838b71f06456b70b4b2eb34ead169a6d,0x00b1ca2c150920f4ca57701452c63b1ba2b4b758,0.009,Ether,ETH,18,0x000000000000000000000000000000000000800a
2025-02-13 14:21:08,0x6fd4269e707059481b47d0a1170d1873264c35a98ad8a21d18e9fb81c25b0eca,0x00b1ca2c150920f4ca57701452c63b1ba2b4b758,0xa16d3eb3ddfa4ba33fdcda3eb4ddcf80bafc0ab8,0.009,Ether,ETH,18,0x000000000000000000000000000000000000800a
